{"cameraMode":{"drawMode":0,"name":"Shaded","section":"Shading Mode"},"sceneLighting":true,"audioPlay":false,"sceneViewState":{"m_AlwaysRefresh":false,"showFog":true,"showSkybox":false,"showFlares":true,"showImageEffects":true,"showParticleSystems":true,"showVisualEffectGraphs":true,"m_FxEnabled":true},"in2DMode":false,"pivot":{"x":13.809252738952637,"y":-20.134004592895509,"z":17.81195640563965},"rotation":{"x":0.3383512496948242,"y":0.29498612880706789,"z":-0.11626959592103958,"w":0.8864187002182007},"size":18.186532974243165,"orthographic":false}